timestamp,datetime,value_min,value_avg,value_max,num_samples
1767812400,2026-01-07 16:00:00,80.082793,80.3399039,80.557342,60
1767816000,2026-01-07 17:00:00,79.885049,80.07089930000002,80.558868,60
1767819600,2026-01-07 18:00:00,76.752156,78.65020323333333,80.112166,60
1767823200,2026-01-07 19:00:00,76.980299,77.75350956666671,78.001136,60
1767826800,2026-01-07 20:00:00,76.610369,77.04138171666668,77.197046,60
1767830400,2026-01-07 21:00:00,77.191729,78.41182191666663,79.39815,60
1767834000,2026-01-07 22:00:00,79.561419,81.14154370000001,82.758828,60
1767837600,2026-01-07 23:00:00,82.789417,83.31714229999999,83.840509,60
1767841200,2026-01-08 00:00:00,76.220101,79.20050756666669,83.976313,60
1767844800,2026-01-08 01:00:00,77.014679,77.4832460666667,78.258271,60
1767848400,2026-01-08 02:00:00,77.432651,77.88587714999998,78.378815,60
1767852000,2026-01-08 03:00:00,77.27694,77.48786710000002,77.731723,60
1767855600,2026-01-08 04:00:00,77.438683,77.49524213333329,77.522606,60
1767859200,2026-01-08 05:00:00,76.102132,76.80848644999999,77.586693,60
1767862800,2026-01-08 06:00:00,76.276082,76.50325996666666,76.579732,60
1767866400,2026-01-08 07:00:00,76.60262,76.85731493333331,77.260274,60
1767870000,2026-01-08 08:00:00,77.359456,77.67568214999999,77.971906,60
1767873600,2026-01-08 09:00:00,77.087898,78.28106795000002,78.727073,60
1767877200,2026-01-08 10:00:00,76.639933,78.32045196666665,79.167886,60
1767880800,2026-01-08 11:00:00,76.385182,76.92062504999998,77.396745,60
1767884400,2026-01-08 12:00:00,76.942915,77.43172501666668,77.737898,60
1767888000,2026-01-08 13:00:00,77.751631,77.87352511666668,78.055758,60
1767891600,2026-01-08 14:00:00,78.092379,78.24178811666665,78.739352,60
1767895200,2026-01-08 15:00:00,78.74393,79.02314003333335,79.274936,60
1767898800,2026-01-08 16:00:00,79.281039,79.39687880000002,79.842563,60
1767902400,2026-01-08 17:00:00,79.564972,79.7626078,80.190463,60
1767906000,2026-01-08 18:00:00,79.754181,80.19500738333335,80.608673,60
1767909600,2026-01-08 19:00:00,79.24418,80.26145385000004,80.657501,60
1767913200,2026-01-08 20:00:00,79.483743,80.23613773333334,87.275144,15
1767924000,2026-01-08 23:00:00,90.953586,91.08033827272725,91.168735,44
1767927600,2026-01-09 00:00:00,90.143082,90.75439551666663,91.360996,60
1767931200,2026-01-09 01:00:00,90.408585,90.574906,90.634415,60
1767934800,2026-01-09 02:00:00,88.120076,89.06235916666664,89.484355,60
1767938400,2026-01-09 03:00:00,82.079907,85.33943101666667,88.251302,60
1767942000,2026-01-09 04:00:00,82.498689,82.56259823333335,82.602449,60
1767945600,2026-01-09 05:00:00,82.622286,82.67045239999999,82.777925,60
1767949200,2026-01-09 06:00:00,82.825227,82.94808624999999,82.988497,60
1767952800,2026-01-09 07:00:00,82.405038,82.78544265000001,83.026644,60
1767956400,2026-01-09 08:00:00,82.575937,82.84492403333331,83.09321,60
1767960000,2026-01-09 09:00:00,83.106943,83.14941336666665,83.178659,60
1767963600,2026-01-09 10:00:00,83.186289,83.30787579999999,83.337351,60
1767967200,2026-01-09 11:00:00,83.343454,83.36257858333335,83.392282,60
1767970800,2026-01-09 12:00:00,83.20901,83.31568153333332,83.470102,60
1767974400,2026-01-09 13:00:00,82.686945,82.81003423333334,83.248683,60
1767978000,2026-01-09 14:00:00,80.157824,82.59532089999998,82.798143,60
1767981600,2026-01-09 15:00:00,82.556506,82.84839206666665,83.007308,60
1767985200,2026-01-09 16:00:00,82.991668,83.15142711666667,83.431121,60
1767988800,2026-01-09 17:00:00,83.513518,83.55191933333333,83.576079,60
1767992400,2026-01-09 18:00:00,83.424707,83.61046166666668,83.789702,60
1767996000,2026-01-09 19:00:00,83.788844,84.68367056666665,84.861537,60
1767999600,2026-01-09 20:00:00,84.946986,86.69935701666664,87.359402,60
1768003200,2026-01-09 21:00:00,86.357543,86.61160981666667,87.553188,60
1768006800,2026-01-09 22:00:00,86.815879,87.34500271666664,87.424704,60
1768010400,2026-01-09 23:00:00,85.617753,87.75456968333333,88.125083,60
1768014000,2026-01-10 00:00:00,82.32152,85.25555651666669,86.481401,60
1768017600,2026-01-10 01:00:00,82.340379,82.40940713333333,82.550402,60
1768021200,2026-01-10 02:00:00,82.555528,82.76472635,82.827135,60
1768024800,2026-01-10 03:00:00,82.056518,82.1645433,82.635923,60
1768028400,2026-01-10 04:00:00,82.212158,82.22233011666667,82.231994,60
1768032000,2026-01-10 05:00:00,82.242675,82.28801939999998,82.31134,60
1768035600,2026-01-10 06:00:00,81.605335,82.39427524999999,82.455249,60
1768039200,2026-01-10 07:00:00,82.506509,82.59971518333332,82.640787,60
1768042800,2026-01-10 08:00:00,82.747598,82.79815583333334,82.846781,60
1768046400,2026-01-10 09:00:00,82.851358,82.90115258333337,82.929178,60
1768050000,2026-01-10 10:00:00,82.935281,84.03093905,84.488531,60
1768053600,2026-01-10 11:00:00,83.376761,83.82881213333332,84.186789,60
1768057200,2026-01-10 12:00:00,82.571359,83.60793636666666,83.680411,60
1768060800,2026-01-10 13:00:00,80.973692,81.60486975000002,82.58204,60
1768064400,2026-01-10 14:00:00,81.125922,81.30703246666667,81.590147,60
1768068000,2026-01-10 15:00:00,80.979557,81.20026775000001,81.428047,60
1768071600,2026-01-10 16:00:00,80.495281,80.8436308833333,81.119938,60
1768075200,2026-01-10 17:00:00,80.390544,80.67261799999999,80.984111,60
1768078800,2026-01-10 18:00:00,80.99937,82.01009519999998,82.56578,60
1768082400,2026-01-10 19:00:00,82.574936,82.87311781666666,83.075424,60
1768086000,2026-01-10 20:00:00,83.050414,83.7616346,86.720154,60
1768089600,2026-01-10 21:00:00,86.727783,87.01020326666662,87.47699,60
1768093200,2026-01-10 22:00:00,84.267756,85.2836693166667,86.489078,60
1768096800,2026-01-10 23:00:00,82.692047,83.37671278333335,85.489985,60
1768100400,2026-01-11 00:00:00,83.404632,83.49369290000001,83.555694,60
1768104000,2026-01-11 01:00:00,83.587738,83.73002621666667,83.769318,60
1768107600,2026-01-11 02:00:00,83.216353,83.60300076666664,83.845612,60
1768111200,2026-01-11 03:00:00,83.191939,84.62364626666667,85.061141,60
1768114800,2026-01-11 04:00:00,85.067245,85.21085551666665,85.648605,60
1768118400,2026-01-11 05:00:00,84.820601,84.90329253333334,85.225936,60
1768122000,2026-01-11 06:00:00,85.005232,85.5844304,85.679671,60
1768125600,2026-01-11 07:00:00,85.360786,85.50990039999999,85.759016,60
1768129200,2026-01-11 08:00:00,85.412666,85.43563023333333,85.464546,60
1768132800,2026-01-11 09:00:00,85.479804,85.51960435,85.640022,60
1768136400,2026-01-11 10:00:00,85.643073,85.88197525000001,86.111518,60
1768140000,2026-01-11 11:00:00,86.134407,86.18516739999997,86.204597,60
1768143600,2026-01-11 12:00:00,86.21833,86.23580121666664,86.248848,60
1768147200,2026-01-11 13:00:00,86.248848,86.25876556666667,86.267158,60
1768150800,2026-01-11 14:00:00,86.27021,86.30835658333332,86.31446,60
1768154400,2026-01-11 15:00:00,86.323616,86.33305078333333,86.337349,60
1768158000,2026-01-11 16:00:00,86.3404,86.34502859999998,86.354133,60
1768161600,2026-01-11 17:00:00,86.357185,86.3750884,86.390754,60
1768165200,2026-01-11 18:00:00,86.39228,86.85635095,87.252876,60
1768168800,2026-01-11 19:00:00,87.262031,87.46449014999999,87.521431,60
1768172400,2026-01-11 20:00:00,87.53669,87.63688918333332,88.282845,60
1768176000,2026-01-11 21:00:00,87.367341,87.81332195,88.555977,60
1768179600,2026-01-11 22:00:00,86.258956,86.99573278333331,87.631318,60
1768183200,2026-01-11 23:00:00,83.983632,86.57605688333334,87.71703,60
1768186800,2026-01-12 00:00:00,86.167165,86.62040226666669,86.788198,60
1768190400,2026-01-12 01:00:00,86.236402,86.51849603333332,86.92095,60
1768194000,2026-01-12 02:00:00,81.80625,82.9160585166667,86.488172,60
1768197600,2026-01-12 03:00:00,82.201453,82.34371561666667,82.489844,60
1768201200,2026-01-12 04:00:00,82.492896,82.51547881666669,82.527991,60
1768204800,2026-01-12 05:00:00,82.54325,82.56972373333332,82.607337,60
1768208400,2026-01-12 06:00:00,82.672949,82.81910319999999,82.849951,60
1768212000,2026-01-12 07:00:00,82.862159,82.93222196666663,83.04679,60
1768215600,2026-01-12 08:00:00,82.720991,83.39179275,85.086104,60
1768219200,2026-01-12 09:00:00,85.122725,85.28912191666667,85.394331,60
1768222800,2026-01-12 10:00:00,85.405012,86.81512283333333,88.235519,60
1768226400,2026-01-12 11:00:00,87.633535,88.0288191,88.153669,60
1768230000,2026-01-12 12:00:00,87.653372,87.79075176666665,87.880728,60
1768233600,2026-01-12 13:00:00,87.880728,88.01826045000001,88.047049,60
1768237200,2026-01-12 14:00:00,88.047049,88.07700656666671,88.166067,60
1768240800,2026-01-12 15:00:00,87.295315,88.10734148333333,88.35375,60
1768244400,2026-01-12 16:00:00,86.617681,87.24165131666669,87.299892,60
1768248000,2026-01-12 17:00:00,84.563204,84.68707353333335,85.106226,60
1768251600,2026-01-12 18:00:00,83.955284,84.20462588333334,84.581348,60
1768255200,2026-01-12 19:00:00,84.365746,84.47248088333333,84.591576,60
1768258800,2026-01-12 20:00:00,83.329292,83.92273839999999,84.741112,60
1768262400,2026-01-12 21:00:00,83.631416,84.06433356666668,87.04786,60
1768266000,2026-01-12 22:00:00,87.067649,87.59106813333334,88.228628,60
1768269600,2026-01-12 23:00:00,86.168,87.71992034999995,87.974021,60
1768273200,2026-01-13 00:00:00,82.203694,87.29598708333333,87.687776,60
1768276800,2026-01-13 01:00:00,82.255526,82.64327748333335,82.763644,60
1768280400,2026-01-13 02:00:00,82.24947,82.7054761,82.884522,60
1768284000,2026-01-13 03:00:00,82.316609,82.49294973333333,82.540913,60
1768287600,2026-01-13 04:00:00,82.542439,82.56191960000001,82.589741,60
1768291200,2026-01-13 05:00:00,82.598897,82.61288394999998,82.629414,60
1768294800,2026-01-13 06:00:00,82.679768,82.88469383333332,83.009358,60
1768298400,2026-01-13 07:00:00,83.020039,83.07400461666663,83.128377,60
1768302000,2026-01-13 08:00:00,68.833058,82.29565518333332,83.72347,60
1768305600,2026-01-13 09:00:00,81.431551,82.26188713333335,82.767387,60
1768309200,2026-01-13 10:00:00,82.820793,83.16418043333333,83.699675,60
1768312800,2026-01-13 11:00:00,83.705779,84.14042580000003,85.014983,60
1768316400,2026-01-13 12:00:00,84.91902,85.00589043333335,85.143324,60
1768320000,2026-01-13 13:00:00,85.146376,85.31361223333333,85.463759,60
1768323600,2026-01-13 14:00:00,85.466811,85.47362611666668,85.488173,60
1768327200,2026-01-13 15:00:00,85.322639,85.5501674,85.953399,60
1768330800,2026-01-13 16:00:00,85.959503,86.00469403333332,86.029693,60
1768334400,2026-01-13 17:00:00,86.051055,86.10612853333332,86.163971,60
1768338000,2026-01-13 18:00:00,84.311625,85.20658351666665,86.20381,60
1768341600,2026-01-13 19:00:00,84.955546,85.03893491666668,85.225626,60
1768345200,2026-01-13 20:00:00,84.421106,84.8818202166667,85.338541,60
1768348800,2026-01-13 21:00:00,84.744593,84.78123943333333,84.807154,60
1768352400,2026-01-13 22:00:00,84.118315,86.72156690000003,88.060877,60
1768356000,2026-01-13 23:00:00,84.597679,87.4213096833333,88.634607,60
1768359600,2026-01-14 00:00:00,79.535718,82.02950681666665,85.508629,60
1768363200,2026-01-14 01:00:00,79.353494,79.66213455,79.962964,60
1768366800,2026-01-14 02:00:00,79.625101,80.00469449999999,80.139322,60
1768370400,2026-01-14 03:00:00,80.111594,80.31023831666668,80.358787,60
1768374000,2026-01-14 04:00:00,80.36489,80.38424339999997,80.425925,60
1768377600,2026-01-14 05:00:00,80.436607,80.46714938333332,80.503745,60
1768381200,2026-01-14 06:00:00,80.56478,80.81230331666667,80.888267,60
1768384800,2026-01-14 07:00:00,80.902,80.99790113333333,81.185813,60
1768388400,2026-01-14 08:00:00,61.85731,78.6302722,81.394859,60
1768392000,2026-01-14 09:00:00,78.508157,79.01164656666664,79.396219,60
1768395600,2026-01-14 10:00:00,79.422159,79.73335691666666,79.867454,60
1768399200,2026-01-14 11:00:00,79.769607,79.86164563333334,79.942031,60
1768402800,2026-01-14 12:00:00,79.744906,80.05048914999998,80.222507,60
1768406400,2026-01-14 13:00:00,80.22861,80.34480573333332,80.4285,60
1768410000,2026-01-14 14:00:00,77.40621,79.23660136666666,80.570407,60
1768413600,2026-01-14 15:00:00,77.863974,78.21518060000002,78.520102,60
1768417200,2026-01-14 16:00:00,77.477307,77.98630278333334,78.527732,60
1768420800,2026-01-14 17:00:00,77.928967,77.96050195000002,78.002209,60
1768424400,2026-01-14 18:00:00,78.002209,79.09997763333332,79.438062,60
1768428000,2026-01-14 19:00:00,79.441113,79.53876955,79.68678,60
1768431600,2026-01-14 20:00:00,79.645605,79.97556681666667,80.147619,60
1768435200,2026-01-14 21:00:00,79.803772,80.04459499999997,80.173559,60
1768438800,2026-01-14 22:00:00,79.986877,82.76097765000003,84.245606,60
1768442400,2026-01-14 23:00:00,81.221004,82.42363071666665,84.514352,60
1768446000,2026-01-15 00:00:00,76.006478,76.29776791666669,79.273934,60
1768449600,2026-01-15 01:00:00,74.29325,75.43370936666668,76.428336,60
1768453200,2026-01-15 02:00:00,74.98433,75.40415971666667,76.49495,60
1768456800,2026-01-15 03:00:00,76.282734,76.43539855000002,76.533097,60
1768460400,2026-01-15 04:00:00,76.537556,76.56888724999999,76.586384,60
1768464000,2026-01-15 05:00:00,75.902504,76.31115303333334,76.864094,60
1768467600,2026-01-15 06:00:00,76.17411,76.33778243333332,76.397318,60
1768471200,2026-01-15 07:00:00,76.415629,76.51722663333332,76.620096,60
1768474800,2026-01-15 08:00:00,52.612532,75.0240767666667,77.16834,60
1768478400,2026-01-15 09:00:00,73.882979,74.74397061666666,75.217313,60
1768482000,2026-01-15 10:00:00,75.196642,75.49490026666666,75.736803,60
1768485600,2026-01-15 11:00:00,75.612253,75.7763045,76.059503,60
1768489200,2026-01-15 12:00:00,74.575966,75.19226240000002,75.622267,60
1768492800,2026-01-15 13:00:00,75.024956,75.53833853333333,75.78637,60
1768496400,2026-01-15 14:00:00,75.787896,76.20092143333336,76.658529,60
1768500000,2026-01-15 15:00:00,76.663107,77.22608378333335,78.005881,60
1768503600,2026-01-15 16:00:00,75.161308,77.22299113333332,77.619023,60
1768507200,2026-01-15 17:00:00,73.850029,74.24124024999999,75.212711,60
1768510800,2026-01-15 18:00:00,74.343055,75.51063273333334,76.478142,60
1768514400,2026-01-15 19:00:00,75.868076,76.10253321666664,76.282806,60
1768518000,2026-01-15 20:00:00,76.023048,76.2657153,76.582951,60
1768521600,2026-01-15 21:00:00,75.575823,76.10138676666665,76.243538,60
1768525200,2026-01-15 22:00:00,84.689304,95.9821518,96.316504,60
1768528800,2026-01-15 23:00:00,89.753816,92.65094934999998,96.217536,60
1768532400,2026-01-16 00:00:00,87.621686,89.11751478333333,89.862153,60
1768536000,2026-01-16 01:00:00,86.756965,87.41499563333332,88.084027,60
1768539600,2026-01-16 02:00:00,85.448452,85.63398659999999,86.447903,60
1768543200,2026-01-16 03:00:00,85.066887,85.39786625,85.616299,60
1768546800,2026-01-16 04:00:00,85.144707,85.25853768333336,85.292717,60
1768550400,2026-01-16 05:00:00,85.072991,85.09643843333333,85.144707,60
1768554000,2026-01-16 06:00:00,85.110303,85.16643499999999,85.207959,60
1768557600,2026-01-16 07:00:00,85.203906,85.26562826666671,85.325977,60
1768561200,2026-01-16 08:00:00,85.35802,85.59102198333332,85.753223,60
1768564800,2026-01-16 09:00:00,85.569354,85.63525851666667,85.760852,60
1768568400,2026-01-16 10:00:00,85.31005,85.47211933333337,85.656902,60
1768572000,2026-01-16 11:00:00,84.497424,85.17560363333334,85.403129,60
1768575600,2026-01-16 12:00:00,73.764246,83.38725373333331,84.845325,60
1768579200,2026-01-16 13:00:00,82.130428,83.23952836666666,83.523556,60
1768582800,2026-01-16 14:00:00,83.462592,83.88747305,84.164496,60
1768586400,2026-01-16 15:00:00,84.182807,84.31604166666668,84.597846,60
1768590000,2026-01-16 16:00:00,84.707709,84.80737473333332,84.89997,60
1768593600,2026-01-16 17:00:00,84.901496,85.1263932666667,85.257026,60
1768597200,2026-01-16 18:00:00,85.129091,85.71773900000001,86.169645,60
1768600800,2026-01-16 19:00:00,86.174223,86.25974808333335,86.37869,60
1768604400,2026-01-16 20:00:00,86.448881,89.42988936666664,90.439055,60
1768608000,2026-01-16 21:00:00,90.079138,90.10039873333332,90.105078,60
1768611600,2026-01-16 22:00:00,90.208838,90.58094905000004,90.623877,60
1768615200,2026-01-16 23:00:00,88.323686,89.96589736666665,90.886328,60
1768618800,2026-01-17 00:00:00,84.994313,85.16678135000002,85.225531,60
1768622400,2026-01-17 01:00:00,85.265204,85.48671066666667,85.530707,60
1768626000,2026-01-17 02:00:00,84.222551,85.43934233333333,85.886237,60
1768629600,2026-01-17 03:00:00,84.268328,84.45273021666667,84.552141,60
1768633200,2026-01-17 04:00:00,84.261986,84.34131318333334,84.525605,60
1768636800,2026-01-17 05:00:00,84.150334,84.20797433333333,84.292503,60
1768640400,2026-01-17 06:00:00,84.293767,84.57736686666667,84.780523,60
1768644000,2026-01-17 07:00:00,84.336945,84.67524129999997,85.839936,60
1768647600,2026-01-17 08:00:00,86.007782,86.57807991666667,86.651704,60
1768651200,2026-01-17 09:00:00,86.653229,86.8087363666667,86.983582,60
1768654800,2026-01-17 10:00:00,86.819669,87.04547536666666,87.145969,60
1768658400,2026-01-17 11:00:00,85.787007,87.03691011666669,87.275669,60
1768662000,2026-01-17 12:00:00,85.9045,86.11669848333335,86.160847,60
1768665600,2026-01-17 13:00:00,83.816167,84.24794491666667,86.045262,60
1768669200,2026-01-17 14:00:00,83.863469,84.21444674999998,84.327336,60
1768672800,2026-01-17 15:00:00,83.714338,84.07113881666666,84.357854,60
1768676400,2026-01-17 16:00:00,83.502575,83.8301115666667,84.07292,60
1768680000,2026-01-17 17:00:00,83.495708,83.59838451666664,83.662744,60
1768683600,2026-01-17 18:00:00,83.316656,84.18168246666669,84.488364,60
1768687200,2026-01-17 19:00:00,84.494468,84.82107039999998,84.961387,60
1768690800,2026-01-17 20:00:00,83.268472,85.07752741666664,87.522623,60
1768694400,2026-01-17 21:00:00,87.537882,87.95173833333332,88.509867,60
1768698000,2026-01-17 22:00:00,84.840151,87.18999236666667,88.408992,60
1768701600,2026-01-17 23:00:00,83.052417,84.43699699999999,85.719057,60
1768705200,2026-01-18 00:00:00,83.318826,83.51135059999999,83.822986,60
1768708800,2026-01-18 01:00:00,83.56907,83.68610471666666,83.749124,60
1768712400,2026-01-18 02:00:00,83.546086,83.63783685,83.784219,60
1768716000,2026-01-18 03:00:00,83.151646,83.63635626666668,83.808537,60
1768719600,2026-01-18 04:00:00,83.180638,83.27687028333332,83.30576,60
1768723200,2026-01-18 05:00:00,82.244249,82.88898141666668,83.343907,60
1768726800,2026-01-18 06:00:00,82.479234,83.07769411666669,83.43484,60
1768730400,2026-01-18 07:00:00,83.447667,83.70327003333331,83.752867,60
1768734000,2026-01-18 08:00:00,83.725043,83.82325896666666,83.877631,60
1768737600,2026-01-18 09:00:00,83.621617,83.70461230000001,83.787151,60
1768741200,2026-01-18 10:00:00,83.630773,84.34734608333333,84.613439,60
1768744800,2026-01-18 11:00:00,84.518357,84.56265885000002,84.5916,60
1768748400,2026-01-18 12:00:00,84.637376,84.65798728333334,84.681626,60
1768752000,2026-01-18 13:00:00,84.661814,84.70893818333336,84.7671,60
1768755600,2026-01-18 14:00:00,84.7671,84.86113974999996,84.90748,60
1768759200,2026-01-18 15:00:00,84.62536,84.6926975,84.805151,60
1768762800,2026-01-18 16:00:00,84.60786,84.68168050000003,84.722301,60
1768766400,2026-01-18 17:00:00,84.705516,84.89375855000003,85.080882,60
1768770000,2026-01-18 18:00:00,85.08546,85.61379570000001,86.295482,60
1768773600,2026-01-18 19:00:00,86.295482,86.33991073333335,86.380931,60
1768777200,2026-01-18 20:00:00,86.39619,86.4887095,86.530468,60
1768780800,2026-01-18 21:00:00,86.533519,88.20445888333332,90.082715,60
1768784400,2026-01-18 22:00:00,87.990782,89.80225640000002,90.584514,60
1768788000,2026-01-18 23:00:00,81.354947,85.4343518666667,88.438222,60
1768791600,2026-01-19 00:00:00,82.441373,82.78024583333331,83.071562,60
1768827600,2026-01-19 10:00:00,86.103984,86.62333368333334,86.949178,60
1768795200,2026-01-19 01:00:00,82.603593,82.94387493333333,83.256193,60
1768798800,2026-01-19 02:00:00,82.689043,82.89409551666665,82.957597,60
1768802400,2026-01-19 03:00:00,83.014055,83.12908088333334,83.224626,60
1768806000,2026-01-19 04:00:00,83.226152,83.2690038166667,83.27498,60
1768809600,2026-01-19 05:00:00,83.288713,83.30476038333333,83.311601,60
1768813200,2026-01-19 06:00:00,83.365007,83.49119736666665,83.517595,60
1768816800,2026-01-19 07:00:00,83.523699,83.55615783333333,83.579942,60
1768820400,2026-01-19 08:00:00,83.586665,83.96328700000002,84.471627,60
1768824000,2026-01-19 09:00:00,80.014296,84.58013131666667,86.126968,60
1768831200,2026-01-19 11:00:00,83.352013,86.12711333333336,87.449667,60
1768834800,2026-01-19 12:00:00,83.596154,84.05991969999998,84.545251,60
1768838400,2026-01-19 13:00:00,84.431168,84.6711313,84.86416,60
1768842000,2026-01-19 14:00:00,84.137794,84.36515396666664,84.534927,60
1768845600,2026-01-19 15:00:00,84.154221,84.37624318333334,84.458824,60
1768849200,2026-01-19 16:00:00,84.316059,84.44135938333332,84.503742,60
1768852800,2026-01-19 17:00:00,84.480854,84.57787296666666,84.686848,60
1768856400,2026-01-19 18:00:00,84.554573,84.8487937833333,85.208317,60
1768860000,2026-01-19 19:00:00,85.225102,85.29997154999998,85.420414,60
1768863600,2026-01-19 20:00:00,85.443302,85.61537068333334,85.739323,60
1768867200,2026-01-19 21:00:00,85.426256,85.71389043333332,85.994145,60
1768870800,2026-01-19 22:00:00,85.565111,87.87422368333333,89.553759,60
1768874400,2026-01-19 23:00:00,86.001512,87.70051381666664,89.505122,60
1768878000,2026-01-20 00:00:00,81.885214,82.3767878,85.182902,60
1768881600,2026-01-20 01:00:00,82.165547,82.6226936,82.999106,60
1768885200,2026-01-20 02:00:00,82.50887,82.73764200000001,82.904073,60
1768888800,2026-01-20 03:00:00,82.561536,82.80714578333335,82.85193,60
1768892400,2026-01-20 04:00:00,82.853456,82.90122213333332,82.917925,60
1768896000,2026-01-20 05:00:00,82.515641,82.62809094999996,82.912942,60
1768899600,2026-01-20 06:00:00,82.645341,82.80805008333333,82.840653,60
1768903200,2026-01-20 07:00:00,82.855912,82.99430913333332,83.455582,60
1768906800,2026-01-20 08:00:00,72.671359,83.99362780000003,85.657736,60
1768910400,2026-01-20 09:00:00,85.029718,85.51654950000002,85.716363,60
1768914000,2026-01-20 10:00:00,85.7362,86.04163548333331,86.178657,60
1768917600,2026-01-20 11:00:00,84.545132,85.04591875000001,86.07535,60
1768921200,2026-01-20 12:00:00,82.995649,83.40430536666666,84.627529,60
1768924800,2026-01-20 13:00:00,83.529659,83.74142253333332,83.956905,60
1768928400,2026-01-20 14:00:00,83.635374,83.69756623333332,83.789679,60
1768932000,2026-01-20 15:00:00,83.809515,83.91909858333334,84.085699,60
1768935600,2026-01-20 16:00:00,84.085699,84.12908491666668,84.160467,60
1768939200,2026-01-20 17:00:00,83.84852,83.91579716666664,84.171148,60
1768942800,2026-01-20 18:00:00,83.998056,84.44909993333339,84.804198,60
1768946400,2026-01-20 19:00:00,84.82556,84.89153056666667,84.965297,60
1768950000,2026-01-20 20:00:00,84.975382,89.25635411111112,96.479725,18
1768953600,2026-01-20 21:00:00,99.949288,99.95935467857146,99.969268,56
1768957200,2026-01-20 22:00:00,93.431257,94.75855790000001,99.949241,60
1768960800,2026-01-20 23:00:00,92.307208,92.67324908333335,93.588422,60
1768964400,2026-01-21 00:00:00,92.424701,92.4833709,92.539142,60
1768968000,2026-01-21 01:00:00,88.910529,89.9556270666667,92.584918,60
1768971600,2026-01-21 02:00:00,87.618539,88.84735316666666,89.28127,60
1768975200,2026-01-21 03:00:00,87.771127,87.86003463333333,87.897775,60
1768978800,2026-01-21 04:00:00,87.899301,87.91529683333333,87.92524,60
1768982400,2026-01-21 05:00:00,87.928292,87.9653201666667,87.978646,60
1768986000,2026-01-21 06:00:00,88.01069,88.02557038333333,88.033578,60
1768989600,2026-01-21 07:00:00,88.035628,88.06456915000001,88.082931,60
1768993200,2026-01-21 08:00:00,88.102767,88.18440154999999,88.302657,60
1768996800,2026-01-21 09:00:00,88.305709,88.52126481666667,88.790939,60
1769000400,2026-01-21 10:00:00,88.813827,89.25114451666667,90.094874,60
1769004000,2026-01-21 11:00:00,88.363549,89.53252591666664,91.073058,60
1769007600,2026-01-21 12:00:00,86.519238,88.76256671666667,89.252374,60
1769011200,2026-01-21 13:00:00,85.751625,86.42435548333331,87.107798,60
1769014800,2026-01-21 14:00:00,85.928532,86.13665571666667,86.378571,60
1769018400,2026-01-21 15:00:00,85.834381,86.18844216666666,86.583587,60
1769022000,2026-01-21 16:00:00,86.042162,86.34494295000005,86.608311,60
1769025600,2026-01-21 17:00:00,85.980436,86.18361348333332,86.612889,60
1769029200,2026-01-21 18:00:00,85.976001,86.76430736666664,87.145135,60
1769032800,2026-01-21 19:00:00,86.996433,87.2942767,87.893936,60
1769036400,2026-01-21 20:00:00,87.011906,87.78935378333333,90.24677,60
1769040000,2026-01-21 21:00:00,90.838812,91.5911717333333,92.17243,60
1769043600,2026-01-21 22:00:00,91.757224,91.98232708333333,92.105244,60
1769047200,2026-01-21 23:00:00,88.634131,90.54083953333334,91.789339,60
1769050800,2026-01-22 00:00:00,86.269352,87.38180900000002,89.409277,60
1769054400,2026-01-22 01:00:00,86.62183,88.33888683333332,88.466618,60
1769058000,2026-01-22 02:00:00,88.471744,90.42664931666664,91.317509,60
1769061600,2026-01-22 03:00:00,91.351078,91.44702249999999,91.465519,60
1769065200,2026-01-22 04:00:00,91.374491,91.3821709,91.386698,60
1769068800,2026-01-22 05:00:00,90.846584,91.01087225,91.394327,60
1769072400,2026-01-22 06:00:00,87.765572,89.53513298333334,90.962551,60
1769076000,2026-01-22 07:00:00,86.925909,87.1107531166667,87.471315,60
1769079600,2026-01-22 08:00:00,87.205145,88.32756721666667,89.444992,60
1769083200,2026-01-22 09:00:00,89.466355,89.62341855000001,89.744065,60
1769086800,2026-01-22 10:00:00,89.756272,89.84520511666666,90.058396,60
1769090400,2026-01-22 11:00:00,89.226458,89.39244375000004,89.740417,60
1769094000,2026-01-22 12:00:00,89.484331,89.71349309999998,89.873431,60
1769097600,2026-01-22 13:00:00,89.163563,89.37219335000003,89.836953,60
1769101200,2026-01-22 14:00:00,89.322254,89.46650088333332,89.665577,60
1769104800,2026-01-22 15:00:00,89.673207,90.05125448333334,90.289662,60
1769108400,2026-01-22 16:00:00,89.542673,89.59305000000003,90.214703,60
1769112000,2026-01-22 17:00:00,89.589975,89.79039913333335,89.873788,60
1769115600,2026-01-22 18:00:00,88.353202,89.16853636666669,89.937875,60
1769119200,2026-01-22 19:00:00,89.11309,89.38836883050847,89.541862,59
1769122800,2026-01-22 20:00:00,88.950798,89.20981383333331,89.587638,60
1769126400,2026-01-22 21:00:00,88.199684,89.15569925000001,91.239236,60
1769130000,2026-01-22 22:00:00,91.304849,91.62554978333334,91.99302,60
1769133600,2026-01-22 23:00:00,86.560246,88.03238586666667,90.66901,60
1769137200,2026-01-23 00:00:00,87.568852,88.24186173333334,88.444707,60
1769140800,2026-01-23 01:00:00,87.506005,87.93723215,88.46266,60
1769144400,2026-01-23 02:00:00,87.577721,87.75479978333333,88.058373,60
1769148000,2026-01-23 03:00:00,87.885949,88.21134268333331,88.250634,60
1769151600,2026-01-23 04:00:00,88.25216,88.26688501666666,88.273522,60
1769155200,2026-01-23 05:00:00,88.279626,88.30737161666666,88.319299,60
1769158800,2026-01-23 06:00:00,88.371179,88.47758323333333,88.502404,60
1769162400,2026-01-23 07:00:00,88.513085,88.58228408333329,88.613794,60
1769166000,2026-01-23 08:00:00,88.438794,88.90727580000001,89.542506,60
1769169600,2026-01-23 09:00:00,71.57635,86.25485166666665,89.583204,60
1769173200,2026-01-23 10:00:00,86.575505,87.05580093333336,87.350652,60
1769176800,2026-01-23 11:00:00,87.410161,87.70602886666667,87.886235,60
1769180400,2026-01-23 12:00:00,76.527089,86.9461032333333,88.230106,60
1769184000,2026-01-23 13:00:00,85.715934,86.90416185,87.44323,60
1769187600,2026-01-23 14:00:00,87.470695,87.99608105,88.470146,60
1769191200,2026-01-23 15:00:00,88.535759,88.67830171666665,88.724968,60
1769194800,2026-01-23 16:00:00,88.74633,88.82610848333331,88.848564,60
1769198400,2026-01-23 17:00:00,88.723371,88.80011729999997,88.827202,60
1769202000,2026-01-23 18:00:00,88.708112,88.98507060000003,89.198515,60
1769205600,2026-01-23 19:00:00,89.18936,89.27435743333334,89.355681,60
1769209200,2026-01-23 20:00:00,89.336059,91.37640236666665,91.758368,60
1769212800,2026-01-23 21:00:00,91.128967,91.19984443333335,91.237305,60
1769216400,2026-01-23 22:00:00,91.293762,91.80734761666665,91.841553,60
1769220000,2026-01-23 23:00:00,90.586159,91.41136325,92.082642,60
1769238000,2026-01-24 04:00:00,89.552948,89.57047056666669,89.58194,60
1769223600,2026-01-24 00:00:00,86.83624,89.31904860000003,91.13395,60
1769227200,2026-01-24 01:00:00,86.996457,88.24142178333331,88.545224,60
1769230800,2026-01-24 02:00:00,88.766477,89.04459135000002,89.126584,60
1769234400,2026-01-24 03:00:00,89.240143,89.52878849999998,89.552948,60
1769241600,2026-01-24 05:00:00,89.594147,89.61680644999997,89.627716,60
1769245200,2026-01-24 06:00:00,89.748261,90.12067715,90.164826,60
1769248800,2026-01-24 07:00:00,90.187714,90.22176676666663,90.235016,60
1769252400,2026-01-24 08:00:00,90.317414,90.37471061666666,90.401337,60
1769256000,2026-01-24 09:00:00,90.407441,90.43427081666664,90.454743,60
1769259600,2026-01-24 10:00:00,89.352653,89.86509595000001,90.476105,60
1769263200,2026-01-24 11:00:00,85.542413,87.61660281666667,89.485404,60
1769266800,2026-01-24 12:00:00,85.734221,86.22257861666668,86.314055,60
1769270400,2026-01-24 13:00:00,85.847589,86.17905046666667,86.396453,60
1769274000,2026-01-24 14:00:00,85.873529,86.27077733333334,86.377069,60
1769277600,2026-01-24 15:00:00,86.191627,86.44225273333332,86.512062,60
1769281200,2026-01-24 16:00:00,85.830304,85.96467630000001,86.176845,60
1769284800,2026-01-24 17:00:00,85.975262,86.03886584999998,86.104962,60
1769288400,2026-01-24 18:00:00,85.804054,86.26555358333336,86.628815,60
1769292000,2026-01-24 19:00:00,86.657807,87.026986,87.303254,60
1769295600,2026-01-24 20:00:00,85.857531,87.85332195000001,89.775989,60
1769299200,2026-01-24 21:00:00,88.752601,89.53453735000004,91.111133,60
1769302800,2026-01-24 22:00:00,88.453743,89.18646711666665,89.84153,60
1769306400,2026-01-24 23:00:00,85.16657,85.9772649,87.232301,60
1769310000,2026-01-25 00:00:00,85.302373,85.46093756666667,85.575506,60
1769313600,2026-01-25 01:00:00,85.595342,85.7265677,85.766241,60
1769317200,2026-01-25 02:00:00,85.726878,85.76037625000001,85.813543,60
1769320800,2026-01-25 03:00:00,85.847422,85.95364874999999,85.986277,60
1769324400,2026-01-25 04:00:00,85.995432,86.12907394999999,86.378428,60
1769328000,2026-01-25 05:00:00,86.026665,86.16521675000003,86.302039,60
1769331600,2026-01-25 06:00:00,86.130425,86.40615128333334,86.434075,60
1769335200,2026-01-25 07:00:00,86.464593,86.52257599999999,86.543938,60
1769338800,2026-01-25 08:00:00,86.585137,86.63007405000002,86.664483,60
1769342400,2026-01-25 09:00:00,86.670586,86.85898151666665,87.215325,60
1769346000,2026-01-25 10:00:00,87.226006,87.65681288333332,87.752435,60
1769349600,2026-01-25 11:00:00,87.752435,87.80489926666667,87.834832,60
1769353200,2026-01-25 12:00:00,87.840936,87.91799241666668,88.024041,60
1769356800,2026-01-25 13:00:00,88.030145,88.08708543333334,88.130853,60
1769360400,2026-01-25 14:00:00,88.138482,88.19847460000001,88.222405,60
1769364000,2026-01-25 15:00:00,88.223931,88.23791855,88.269708,60
1769367600,2026-01-25 16:00:00,88.269708,88.27693038333334,88.289544,60
1769371200,2026-01-25 17:00:00,88.295648,88.30790558333334,88.320062,60
1769374800,2026-01-25 18:00:00,88.320062,88.52559766666663,88.634393,60
1769378400,2026-01-25 19:00:00,88.635919,88.66053633333335,88.728997,60
1769382000,2026-01-25 20:00:00,88.647482,88.96372496666666,89.228842,60
1769385600,2026-01-25 21:00:00,89.230368,90.24548465000001,91.859458,60
1769389200,2026-01-25 22:00:00,88.350579,89.68791833333336,92.486237,60
1769392800,2026-01-25 23:00:00,83.960601,85.44099616666666,88.390252,60
1769396400,2026-01-26 00:00:00,83.277484,84.32495744999999,85.529968,60
1769400000,2026-01-26 01:00:00,84.458538,84.63265731666667,84.864398,60
1769403600,2026-01-26 02:00:00,84.618755,84.76796116666668,84.807965,60
1769407200,2026-01-26 03:00:00,84.867474,84.97158968333335,84.994122,60
1769410800,2026-01-26 04:00:00,84.994122,85.00490476666666,85.009381,60
1769414400,2026-01-26 05:00:00,85.018536,85.03493906666667,85.047528,60
1769418000,2026-01-26 06:00:00,85.102459,85.19769953333332,85.213848,60
1769421600,2026-01-26 07:00:00,85.226055,85.29459284999999,85.377117,60
1769425200,2026-01-26 08:00:00,85.430523,86.01415935000003,87.014767,60
1769428800,2026-01-26 09:00:00,87.0285,87.61156428333332,88.473508,60
1769432400,2026-01-26 10:00:00,88.496396,88.82280713333334,89.425657,60
1769436000,2026-01-26 11:00:00,89.723203,90.19577346666664,90.363453,60
1769439600,2026-01-26 12:00:00,90.115163,90.18628763333332,90.37566,60
1769443200,2026-01-26 13:00:00,87.478945,88.21815766666668,90.296743,60
1769446800,2026-01-26 14:00:00,83.445831,84.81872836666668,87.494203,60
1769450400,2026-01-26 15:00:00,83.969208,84.4423066,84.698578,60
1769454000,2026-01-26 16:00:00,84.707733,84.83575453333334,84.909149,60
1769457600,2026-01-26 17:00:00,84.912201,85.07046025000001,85.199066,60
1769461200,2026-01-26 18:00:00,85.225006,85.82500746666668,86.346528,60
1769464800,2026-01-26 19:00:00,86.351105,86.50053979999996,86.656281,60
1769468400,2026-01-26 20:00:00,86.456629,86.68822286666668,86.924836,60
1769472000,2026-01-26 21:00:00,86.590907,86.69858301666665,86.77859,60
1769475600,2026-01-26 22:00:00,86.865565,88.34886390000001,90.002773,60
1769479200,2026-01-26 23:00:00,88.719914,89.4646468,90.922878,60
1769482800,2026-01-27 00:00:00,83.625384,85.52938151666666,89.142582,60
1769486400,2026-01-27 01:00:00,83.306762,83.71630198333332,84.31501,60
1769490000,2026-01-27 02:00:00,83.851429,84.29040978333333,84.422704,60
1769493600,2026-01-27 03:00:00,84.447118,84.64591453333334,84.698888,60
1769497200,2026-01-27 04:00:00,84.708043,84.75496398333334,84.776708,60
1769500800,2026-01-27 05:00:00,84.784337,84.83863311666667,84.857579,60
1769504400,2026-01-27 06:00:00,84.921666,85.0387775833333,85.062047,60
1769508000,2026-01-27 07:00:00,85.094091,85.17824298333333,85.235997,60
1769511600,2026-01-27 08:00:00,70.141547,86.45585773333335,88.141105,60
1769515200,2026-01-27 09:00:00,87.605545,87.80663039999999,87.976334,60
1769518800,2026-01-27 10:00:00,87.977859,88.05756128333331,88.127396,60
1769522400,2026-01-27 11:00:00,88.142654,88.21808369999998,88.260147,60
1769526000,2026-01-27 12:00:00,87.409088,87.52482601666664,88.331863,60
1769529600,2026-01-27 13:00:00,87.528107,87.57634978333331,87.615082,60
1769533200,2026-01-27 14:00:00,87.616608,87.64628581666668,87.779877,60
1769536800,2026-01-27 15:00:00,87.787506,87.94066414999998,88.05227,60
1769540400,2026-01-27 16:00:00,87.185952,87.8646826166667,88.067147,60
1769544000,2026-01-27 17:00:00,85.709545,85.87200065,87.189004,60
1769547600,2026-01-27 18:00:00,83.23371,84.50480366666667,85.782405,60
1769551200,2026-01-27 19:00:00,82.698794,83.31223730000002,83.810206,60
1769554800,2026-01-27 20:00:00,82.61952,83.19704048333334,83.780642,60
1769558400,2026-01-27 21:00:00,82.717176,82.91124251666665,83.094068,60
1769562000,2026-01-27 22:00:00,82.723184,83.33777948333335,83.753248,60
1769565600,2026-01-27 23:00:00,82.850691,85.16325641666667,87.136885,60
1769569200,2026-01-28 00:00:00,86.400696,86.9999059833333,88.668773,60
1769572800,2026-01-28 01:00:00,81.287785,81.81978396666666,86.642667,60
1769576400,2026-01-28 02:00:00,81.394739,81.73812394999999,82.19585,60
1769580000,2026-01-28 03:00:00,80.81276,81.18568455000002,81.284256,60
1769583600,2026-01-28 04:00:00,81.285782,81.31156960000001,81.325455,60
1769587200,2026-01-28 05:00:00,81.345291,81.42816549999999,81.452103,60
1769590800,2026-01-28 06:00:00,81.49447,81.67986438333332,81.741662,60
1769594400,2026-01-28 07:00:00,81.781335,81.87998331666668,82.014795,60
1769598000,2026-01-28 08:00:00,82.084985,82.39445898333331,82.811304,60
1769601600,2026-01-28 09:00:00,82.896753,83.07922278333335,83.272119,60
1769605200,2026-01-28 10:00:00,83.273645,85.56323545000001,87.028429,60
1769608800,2026-01-28 11:00:00,78.56564,79.64603576666667,84.055992,60
1769612400,2026-01-28 12:00:00,78.382892,79.00442104999996,79.465575,60
1769616000,2026-01-28 13:00:00,78.771348,79.3872179833333,79.731126,60
1769619600,2026-01-28 14:00:00,79.732652,79.85843499999999,79.950852,60
1769623200,2026-01-28 15:00:00,79.966111,80.14541570000003,80.344529,60
1769626800,2026-01-28 16:00:00,80.278201,80.31090591666667,80.435367,60
1769630400,2026-01-28 17:00:00,80.4491,80.59194735,80.856509,60
1769634000,2026-01-28 18:00:00,80.642481,81.03986844999997,81.332178,60
1769637600,2026-01-28 19:00:00,81.347437,81.44313543333332,81.579371,60
1769641200,2026-01-28 20:00:00,79.806609,81.22410753333332,81.840296,60
1769644800,2026-01-28 21:00:00,80.766387,80.96052991666669,81.091399,60
1769648400,2026-01-28 22:00:00,80.984087,81.65795011666664,84.04915,60
1769652000,2026-01-28 23:00:00,84.542009,85.27104148333335,85.822555,60
1769655600,2026-01-29 00:00:00,78.4764,80.76272426666665,85.876652,60
1769659200,2026-01-29 01:00:00,76.535195,78.73950926666669,79.073591,60
1769677200,2026-01-29 06:00:00,80.481882,80.67513476666667,80.76417,60
1769662800,2026-01-29 02:00:00,77.945179,79.31356135000001,80.054636,60
1769666400,2026-01-29 03:00:00,80.071421,80.26230823333334,80.288096,60
1769670000,2026-01-29 04:00:00,80.291147,80.33176105,80.350657,60
1769673600,2026-01-29 05:00:00,80.355234,80.41413318333333,80.442209,60
1769680800,2026-01-29 07:00:00,80.845041,80.92776948333334,81.005259,60
1769684400,2026-01-29 08:00:00,81.044932,82.03841566666667,82.666941,60
1769688000,2026-01-29 09:00:00,60.063806,77.43952493333336,83.037802,60
1769691600,2026-01-29 10:00:00,77.071327,77.66464020000001,78.008217,60
1769695200,2026-01-29 11:00:00,77.458495,77.86136373333332,78.284401,60
1769698800,2026-01-29 12:00:00,75.132841,76.2843818,77.638311,60
1769702400,2026-01-29 13:00:00,75.748986,75.96159796666669,76.191062,60
1769706000,2026-01-29 14:00:00,76.055354,76.21419829999999,76.398677,60
1769709600,2026-01-29 15:00:00,76.374215,76.56473671666669,76.783151,60
1769713200,2026-01-29 16:00:00,76.632256,76.82798313333333,76.869959,60
1769716800,2026-01-29 17:00:00,76.871485,77.02931170000002,77.1141,60
1769720400,2026-01-29 18:00:00,77.118677,77.63071158333334,78.163905,60
1769724000,2026-01-29 19:00:00,78.182215,78.32295224999999,78.504176,60
1769727600,2026-01-29 20:00:00,77.756161,78.43594035000002,79.009242,60
1769731200,2026-01-29 21:00:00,78.25665,78.52037246666669,78.55267,60
1769734800,2026-01-29 22:00:00,78.522248,79.21647886666668,81.88376,60
1769738400,2026-01-29 23:00:00,81.950899,99.04367423333332,100,60
1769742000,2026-01-30 00:00:00,99.93701,99.96964616666665,100,60
1769745600,2026-01-30 01:00:00,99.953794,99.95888066666667,99.964476,60
1769749200,2026-01-30 02:00:00,99.964476,99.96841736666666,99.970579,60
1769752800,2026-01-30 03:00:00,99.970579,99.970579,99.970579,60
1769756400,2026-01-30 04:00:00,99.970579,99.970579,99.970579,60
1769760000,2026-01-30 05:00:00,99.970579,99.970579,99.970579,60
1769763600,2026-01-30 06:00:00,99.970579,99.97330036666663,99.973631,60
1769767200,2026-01-30 07:00:00,99.973631,99.973631,99.973631,60
1769770800,2026-01-30 08:00:00,99.972105,99.97302060000003,99.973631,60
1769774400,2026-01-30 09:00:00,99.972105,99.972105,99.972105,60
1769778000,2026-01-30 10:00:00,99.972105,99.972105,99.972105,60
1769781600,2026-01-30 11:00:00,99.972105,99.972105,99.972105,60
1769785200,2026-01-30 12:00:00,99.972105,99.972105,99.972105,60
1769788800,2026-01-30 13:00:00,99.970579,99.9708079,99.972105,60
1769792400,2026-01-30 14:00:00,96.727704,99.50373534999997,99.970579,60
1769796000,2026-01-30 15:00:00,96.778058,97.61019650000003,98.157453,60
1769799600,2026-01-30 16:00:00,98.157453,98.17128785000001,98.183393,60
1769803200,2026-01-30 17:00:00,98.183393,98.19191253333331,98.216962,60
1769806800,2026-01-30 18:00:00,98.216962,98.3521806333333,98.476362,60
1769810400,2026-01-30 19:00:00,98.485517,98.50652336666666,98.549604,60
1769814000,2026-01-30 20:00:00,98.572492,99.06847926666669,99.141645,60
1769817600,2026-01-30 21:00:00,99.141645,99.16845006666668,99.173689,60
1769821200,2026-01-30 22:00:00,99.227094,99.36574620000003,99.379682,60
1769824800,2026-01-30 23:00:00,99.381208,99.43657226666667,99.446821,60
1769828400,2026-01-31 00:00:00,99.446821,99.45236506666664,99.45445,60
1769832000,2026-01-31 01:00:00,99.45445,99.47136243333334,99.475813,60
1769835600,2026-01-31 02:00:00,99.202609,99.40497853333333,99.483442,60
1769839200,2026-01-31 03:00:00,99.172091,99.17486323333334,99.176669,60
1769842800,2026-01-31 04:00:00,99.176669,99.17816956666664,99.178195,60
1769846400,2026-01-31 05:00:00,99.178195,99.17967013333332,99.179721,60
1769850000,2026-01-31 06:00:00,99.184298,99.19002049999997,99.190402,60
1769853600,2026-01-31 07:00:00,99.219394,99.23462676666666,99.236178,60
1769857200,2026-01-31 08:00:00,99.26517,99.26517,99.26517,60
1769860800,2026-01-31 09:00:00,99.237704,99.24139153333331,99.251437,60
1769864400,2026-01-31 10:00:00,99.237704,99.24215483333334,99.242282,60
1769868000,2026-01-31 11:00:00,95.896315,97.59374255,99.242282,60
1769871600,2026-01-31 12:00:00,96.120619,96.20128693333335,96.233534,60
1769875200,2026-01-31 13:00:00,96.242689,96.27142650000002,96.28694,60
1769878800,2026-01-31 14:00:00,96.288466,96.35039090000004,96.363234,60
1769882400,2026-01-31 15:00:00,92.633389,93.66811051666667,96.331548,60
1769886000,2026-01-31 16:00:00,92.677639,92.7157860666667,92.732571,60
1769889600,2026-01-31 17:00:00,92.7402,92.7715062,92.790554,60
1769893200,2026-01-31 18:00:00,92.793606,93.17418568333336,93.390225,60
1769896800,2026-01-31 19:00:00,93.416165,93.56071625,93.640469,60
1769900400,2026-01-31 20:00:00,92.846678,93.51221398333334,94.444178,60
1769904000,2026-01-31 21:00:00,93.294786,93.74617036666668,94.700526,60
1769907600,2026-01-31 22:00:00,93.378614,93.56772115000001,93.593763,60
1769911200,2026-01-31 23:00:00,93.604444,93.88233191666666,93.908094,60
1769914800,2026-02-01 00:00:00,93.92793,94.01543944999996,94.033216,60
1769918400,2026-02-01 01:00:00,94.034742,94.06480176666665,94.072889,60
1769922000,2026-02-01 02:00:00,94.080518,94.13651801666666,94.147657,60
1769925600,2026-02-01 03:00:00,94.172071,94.19366194999999,94.199537,60
1769929200,2026-02-01 04:00:00,94.199537,94.199537,94.199537,60
1769932800,2026-02-01 05:00:00,93.725346,94.13229906666668,94.20564,60
1769936400,2026-02-01 06:00:00,93.74976,93.89779591666668,93.908452,60
1769940000,2026-02-01 07:00:00,93.92371,93.97663273333335,93.984745,60
1769943600,2026-02-01 08:00:00,94.064091,94.07189856666666,94.07935,60
1769947200,2026-02-01 09:00:00,94.080876,94.08898858333335,94.099186,60
1769950800,2026-02-01 10:00:00,94.103764,94.35138886666667,94.552373,60
1769954400,2026-02-01 11:00:00,94.560002,94.5778546,94.58289,60
1769958000,2026-02-01 12:00:00,94.592045,94.60130224999999,94.60883,60
1769961600,2026-02-01 13:00:00,94.614934,94.63515166666666,94.637822,60
1769965200,2026-02-01 14:00:00,94.637822,94.64796898333336,94.653081,60
1769968800,2026-02-01 15:00:00,94.656132,94.66330419999998,94.665288,60
1769972400,2026-02-01 16:00:00,94.668339,94.67022106666666,94.671391,60
1769976000,2026-02-01 17:00:00,94.671391,94.68047026666666,94.709538,60
1769979600,2026-02-01 18:00:00,94.71259,94.76434260000002,94.813298,60
1769983200,2026-02-01 19:00:00,94.814824,94.82507256666668,94.843816,60
1769986800,2026-02-01 20:00:00,94.717835,94.77308300000001,94.856023,60
1769990400,2026-02-01 21:00:00,94.768189,94.87583998333331,94.990968,60
1769994000,2026-02-01 22:00:00,94.994019,95.01652603333334,95.032166,60
1769997600,2026-02-01 23:00:00,95.032166,95.12219333333333,95.14203,60
1770001200,2026-02-02 00:00:00,95.155762,95.16613880000003,95.16797,60
1770004800,2026-02-02 01:00:00,94.858288,94.93146216666663,95.171021,60
1770008400,2026-02-02 02:00:00,94.862865,94.86713780000001,94.867443,60
1770012000,2026-02-02 03:00:00,94.868969,94.87349515,94.875072,60
1770015600,2026-02-02 04:00:00,94.875072,94.87657256666664,94.876598,60
1770019200,2026-02-02 05:00:00,94.878124,94.878124,94.878124,60
1770022800,2026-02-02 06:00:00,94.87965,94.88249853333332,94.882702,60
1770026400,2026-02-02 07:00:00,94.882702,94.882702,94.882702,60
1770030000,2026-02-02 08:00:00,94.882702,94.89015284999999,94.899486,60
1770033600,2026-02-02 09:00:00,94.908642,94.96186935,95.036815,60
1770037200,2026-02-02 10:00:00,95.036815,95.07692045,95.184826,60
1770040800,2026-02-02 11:00:00,95.190929,95.19316713333332,95.193981,60
1770044400,2026-02-02 12:00:00,95.195507,95.19723643333336,95.200084,60
1770048000,2026-02-02 13:00:00,95.20161,95.20435680000001,95.204662,60
1770051600,2026-02-02 14:00:00,95.204662,95.204662,95.204662,60
1770055200,2026-02-02 15:00:00,95.204662,95.23777369999999,95.271801,60
1770058800,2026-02-02 16:00:00,95.271801,95.27332683333333,95.280956,60
1770062400,2026-02-02 17:00:00,95.280956,95.28166813333333,95.282482,60
1770066000,2026-02-02 18:00:00,95.282482,95.29105236666669,95.296215,60
1770069600,2026-02-02 19:00:00,95.296215,95.35030716666668,95.367931,60
1770073200,2026-02-02 20:00:00,94.827269,95.0662607,95.367931,60
1770076800,2026-02-02 21:00:00,94.841002,94.84379966666667,94.844054,60
1770080400,2026-02-02 22:00:00,94.854735,95.10691219999998,95.275878,60
1770084000,2026-02-02 23:00:00,95.280455,95.37350840000002,95.385741,60
1770087600,2026-02-03 00:00:00,94.712042,94.84614838333333,95.325874,60
1770091200,2026-02-03 01:00:00,93.930386,94.76356974999999,94.858526,60
1770094800,2026-02-03 02:00:00,93.915127,93.97697630000002,93.994473,60
1770098400,2026-02-03 03:00:00,94.002102,94.02870344999998,94.037198,60
1770102000,2026-02-03 04:00:00,94.037198,94.03923191666668,94.040249,60
1770105600,2026-02-03 05:00:00,94.043301,94.05077791666665,94.053982,60
1770109200,2026-02-03 06:00:00,94.05856,94.08383863333334,94.092129,60
1770112800,2026-02-03 07:00:00,94.093655,94.10415846666669,94.111966,60
1770116400,2026-02-03 08:00:00,94.118069,94.16483743333333,94.220303,60
1770120000,2026-02-03 09:00:00,94.235562,94.37042430000002,94.456814,60
1770123600,2026-02-03 10:00:00,94.456814,94.46701226666669,94.478177,60
1770127200,2026-02-03 11:00:00,94.498013,94.51622175,94.522427,60
1770130800,2026-02-03 12:00:00,94.522427,94.54343341666664,94.586514,60
1770134400,2026-02-03 13:00:00,94.595669,94.61275926666669,94.655179,60
1770138000,2026-02-03 14:00:00,94.655179,94.65985808333332,94.66586,60
1770141600,2026-02-03 15:00:00,94.66586,94.67132735,94.675015,60
1770145200,2026-02-03 16:00:00,94.675015,94.67689706666665,94.678067,60
1770148800,2026-02-03 17:00:00,94.678067,94.6796693,94.682645,60
1770152400,2026-02-03 18:00:00,94.682645,94.71402693333333,94.74368,60
1770156000,2026-02-03 19:00:00,94.74368,94.74769809999997,94.758938,60
1770159600,2026-02-03 20:00:00,92.507265,93.6878141,94.768094,60
1770163200,2026-02-03 21:00:00,92.690371,92.72508448333333,92.733095,60
1770166800,2026-02-03 22:00:00,92.762087,93.32773046666665,94.135378,60
1770170400,2026-02-03 23:00:00,94.168948,94.26370474999997,94.303225,60
1770174000,2026-02-04 00:00:00,93.7618,94.28564980000003,94.323062,60
1770177600,2026-02-04 01:00:00,93.738912,93.77120973333335,93.83962,60
1770181200,2026-02-04 02:00:00,92.241929,93.53597903333335,93.871664,60
1770184800,2026-02-04 03:00:00,92.273925,92.32554555,92.33496,60
1770188400,2026-02-04 04:00:00,92.327164,92.32963330000001,92.333267,60
1770192000,2026-02-04 05:00:00,92.339371,92.3484753,92.353104,60
1770195600,2026-02-04 06:00:00,92.374466,92.40691628333335,92.415665,60
1770199200,2026-02-04 07:00:00,92.417143,92.42703589999998,92.435454,60
1770202800,2026-02-04 08:00:00,92.450712,92.52023279999999,92.949627,60
1770206400,2026-02-04 09:00:00,92.955731,92.99642096666668,93.036602,60
1770210000,2026-02-04 10:00:00,93.038128,93.05170858333337,93.068646,60
1770213600,2026-02-04 11:00:00,93.068646,93.08087806666667,93.090008,60
1770217200,2026-02-04 12:00:00,93.094586,93.13647111666666,93.155621,60
1770220800,2026-02-04 13:00:00,93.155621,93.16935401666667,93.17088,60
1770224400,2026-02-04 14:00:00,93.17088,93.1754319333333,93.187664,60
1770228000,2026-02-04 15:00:00,93.187664,93.19473425000001,93.199871,60
1770231600,2026-02-04 16:00:00,93.199871,93.21657985,93.230389,60
1770235200,2026-02-04 17:00:00,93.230389,93.24023085000003,93.244122,60
1770238800,2026-02-04 18:00:00,93.244122,93.29981650000002,93.39671,60
1770242400,2026-02-04 19:00:00,93.39671,93.40016866666664,93.416546,60
1770246000,2026-02-04 20:00:00,92.078493,92.88932210000002,93.433331,60
1770249600,2026-02-04 21:00:00,92.357729,92.3732675,92.383669,60
1770253200,2026-02-04 22:00:00,92.430971,92.83871161666671,93.622683,60
1770256800,2026-02-04 23:00:00,93.642519,93.73735279999995,93.776797,60
1770260400,2026-02-05 00:00:00,93.778323,93.78615545000002,93.796633,60
1770264000,2026-02-05 01:00:00,92.352198,92.62799471666665,93.789004,60
1770267600,2026-02-05 02:00:00,91.752742,92.58399601666666,92.648218,60
1770271200,2026-02-05 03:00:00,91.645453,91.7140178,91.724656,60
1770274800,2026-02-05 04:00:00,91.694138,91.70598950000002,91.726182,60
1770278400,2026-02-05 05:00:00,91.706345,91.729564,91.738389,60
1770282000,2026-02-05 06:00:00,91.768907,91.83856283333334,91.854356,60
1770285600,2026-02-05 07:00:00,91.861985,91.89687679999999,91.921494,60
1770289200,2026-02-05 08:00:00,91.953538,92.06431674999999,92.240403,60
1770292800,2026-02-05 09:00:00,92.254136,92.49242761666666,92.721055,60
1770296400,2026-02-05 10:00:00,92.721055,92.73631408333333,92.753099,60
1770300000,2026-02-05 11:00:00,92.76378,92.84012465000002,92.910264,60
1770303600,2026-02-05 12:00:00,92.910264,92.91939418333335,92.931627,60
1770307200,2026-02-05 13:00:00,92.931627,92.94970835000002,92.983506,60
1770310800,2026-02-05 14:00:00,92.983506,93.00893761666664,93.065904,60
1770314400,2026-02-05 15:00:00,93.068956,93.07635636666667,93.082689,60
1770318000,2026-02-05 16:00:00,93.082689,93.08291775,93.084214,60
1770321600,2026-02-05 17:00:00,93.084214,93.08571456666664,93.08574,60
1770325200,2026-02-05 18:00:00,93.08574,93.09392918333332,93.108629,60
1770328800,2026-02-05 19:00:00,93.108629,93.23268289999999,93.334459,60
1770332400,2026-02-05 20:00:00,92.118834,92.76759816666669,93.33751,60
1770336000,2026-02-05 21:00:00,92.204283,92.21270058333329,92.21649,60
1770339600,2026-02-05 22:00:00,92.250059,92.68371398333332,93.424986,60
1770343200,2026-02-05 23:00:00,93.438719,93.51491136666664,93.550108,60
1770346800,2026-02-06 00:00:00,93.55316,93.57569213333333,93.592833,60
1770350400,2026-02-06 01:00:00,91.945074,92.11067483333332,92.88442,60
1770354000,2026-02-06 02:00:00,91.162846,92.08132908333336,92.160223,60
1770357600,2026-02-06 03:00:00,91.162846,91.23601236666666,91.258977,60
1770361200,2026-02-06 04:00:00,91.255925,91.2594346166667,91.263554,60
1770364800,2026-02-06 05:00:00,91.260503,91.28281620000003,91.287968,60
1770368400,2026-02-06 06:00:00,91.31398,91.34836308333331,91.35823,60
1770372000,2026-02-06 07:00:00,91.364334,91.38541640000005,91.408584,60
1770375600,2026-02-06 08:00:00,91.428421,91.66432183333336,92.072342,60
1770379200,2026-02-06 09:00:00,92.079971,92.13121551666666,92.208145,60
1770382800,2026-02-06 10:00:00,92.220352,92.22788001666663,92.234085,60
1770386400,2026-02-06 11:00:00,92.234085,92.26757835,92.289017,60
1770390000,2026-02-06 12:00:00,92.290543,92.29524731666666,92.296646,60
1770393600,2026-02-06 13:00:00,92.296646,92.30402109999999,92.308853,60
1770397200,2026-02-06 14:00:00,92.308853,92.31170148333331,92.322586,60
